CE02SHBP,LJ01D,05-IP1,secondary_node_port_eng_data
CE02SHBP,LJ01D,06-IP2,secondary_node_port_eng_data
CE02SHBP,LJ01D,07-IP3,secondary_node_port_eng_data
CE02SHBP,LJ01D,08-IP4,secondary_node_port_eng_data
CE02SHBP,LJ01D,09-IP5,secondary_node_port_eng_data
CE02SHBP,LJ01D,10-IP6,secondary_node_port_eng_data
CE02SHBP,LJ01D,11-IP7,secondary_node_port_eng_data
CE02SHBP,MJ01C,05-IP1,secondary_node_port_eng_data
CE02SHBP,MJ01C,06-IP2,secondary_node_port_eng_data
CE02SHBP,MJ01C,07-IP3,secondary_node_port_eng_data
CE02SHBP,MJ01C,08-IP4,secondary_node_port_eng_data
CE04OSBP,LJ01C,05-IP1,secondary_node_port_eng_data
CE04OSBP,LJ01C,06-IP2,secondary_node_port_eng_data
CE04OSBP,LJ01C,07-IP3,secondary_node_port_eng_data
CE04OSBP,LJ01C,08-IP4,secondary_node_port_eng_data
CE04OSBP,LJ01C,09-IP5,secondary_node_port_eng_data
CE04OSBP,LJ01C,10-IP6,secondary_node_port_eng_data
CE04OSBP,LJ01C,11-IP7,secondary_node_port_eng_data
CE04OSBP,LV01C,02-EP1,secondary_node_port_eng_data
CE04OSBP,LV01C,05-IP1,secondary_node_port_eng_data
CE04OSBP,LV01C,06-IP2,secondary_node_port_eng_data
CE04OSPS,PC01B,02-EP1,secondary_node_port_eng_data
CE04OSPS,PC01B,04A-IP1,secondary_node_port_eng_data
CE04OSPS,PC01B,04B-IP2,secondary_node_port_eng_data
CE04OSPS,PC01B,04D-IP4,secondary_node_port_eng_data
CE04OSPS,PC01B,05-IP8,secondary_node_port_eng_data
CE04OSPS,SF01B,02A-IP1,secondary_node_port_eng_data
CE04OSPS,SF01B,02D-IP3,secondary_node_port_eng_data
CE04OSPS,SF01B,03A-IP7,secondary_node_port_eng_data
CE04OSPS,SF01B,03B-IP8,secondary_node_port_eng_data
CE04OSPS,SF01B,03C-IP9,secondary_node_port_eng_data
CE04OSPS,SF01B,03-IP10,secondary_node_port_eng_data
CE04OSPS,SF01B,04A-IP12,secondary_node_port_eng_data
CE04OSPS,SF01B,04B-IP13,secondary_node_port_eng_data
CE04OSPS,SF01B,04F-IP15,secondary_node_port_eng_data
RS01OSBP,PC01B,02-EP1,secondary_node_port_eng_data
RS01OSBP,PC01B,04A-IP1,secondary_node_port_eng_data
RS01OSBP,PC01B,04B-IP2,secondary_node_port_eng_data
RS01OSBP,PC01B,04D-IP4,secondary_node_port_eng_data
RS01OSBP,PC01B,05-IP8,secondary_node_port_eng_data
RS01OSBP,SF01B,02A-IP1,secondary_node_port_eng_data
RS01OSBP,SF01B,02D-IP3,secondary_node_port_eng_data
RS01OSBP,SF01B,03A-IP7,secondary_node_port_eng_data
RS01OSBP,SF01B,03B-IP8,secondary_node_port_eng_data
RS01OSBP,SF01B,03C-IP9,secondary_node_port_eng_data
RS01OSBP,SF01B,03-IP10,secondary_node_port_eng_data
RS01OSBP,SF01B,04A-IP12,secondary_node_port_eng_data
RS01OSBP,SF01B,04B-IP13,secondary_node_port_eng_data
RS01OSBP,SF01B,04F-IP15,secondary_node_port_eng_data
RS01SBPS,LV01A,02-EP1,secondary_node_port_eng_data
RS01SBPS,LV01A,05-IP1,secondary_node_port_eng_data
RS01SBPS,PC01A,02-EP1,secondary_node_port_eng_data
RS01SBPS,PC01A,04A-IP1,secondary_node_port_eng_data
RS01SBPS,PC01A,04B-IP2,secondary_node_port_eng_data
RS01SBPS,PC01A,04C-IP3,secondary_node_port_eng_data
RS01SBPS,PC01A,05-IP9,secondary_node_port_eng_data
RS01SBPS,PC01A,06-IP10,secondary_node_port_eng_data
RS01SBPS,PC01A,06-IP11,secondary_node_port_eng_data
RS01SBPS,PC01A,07-IP12,secondary_node_port_eng_data
RS01SBPS,PC01A,08-IP8,secondary_node_port_eng_data
RS01SBPS,SF01A,02A-IP1,secondary_node_port_eng_data
RS01SBPS,SF01A,02D-IP3,secondary_node_port_eng_data
RS01SBPS,SF01A,03A-IP7,secondary_node_port_eng_data
RS01SBPS,SF01A,03B-IP8,secondary_node_port_eng_data
RS01SBPS,SF01A,03C-IP9,secondary_node_port_eng_data
RS01SBPS,SF01A,03-IP10,secondary_node_port_eng_data
RS01SBPS,SF01A,04A-IP12,secondary_node_port_eng_data
RS01SBPS,SF01A,04B-IP13,secondary_node_port_eng_data
RS01SBPS,SF01A,04F-IP15,secondary_node_port_eng_data
RS01SLBS,LJ01A,05-IP1,secondary_node_port_eng_data
RS01SLBS,LJ01A,08-IP4,secondary_node_port_eng_data
RS01SLBS,LJ01A,09-IP5,secondary_node_port_eng_data
RS01SLBS,LJ01A,10-IP6,secondary_node_port_eng_data
RS01SLBS,LJ01A,11-IP7,secondary_node_port_eng_data
RS01SLBS,LJ01A,12-IP8,secondary_node_port_eng_data
RS01SLBS,MJ01A,05-IP1,secondary_node_port_eng_data
RS01SLBS,MJ01A,06-IP2,secondary_node_port_eng_data
RS01SLBS,MJ01A,12-IP8,secondary_node_port_eng_data
RS01SUM1,LJ01B,05-IP1,secondary_node_port_eng_data
RS01SUM1,LJ01B,06-IP2,secondary_node_port_eng_data
RS01SUM1,LJ01B,07-IP3,secondary_node_port_eng_data
RS01SUM1,LJ01B,08-IP4,secondary_node_port_eng_data
RS01SUM1,LJ01B,09-IP5,secondary_node_port_eng_data
RS01SUM1,LJ01B,12-IP8,secondary_node_port_eng_data
RS01SUM1,LV01B,02-EP1,secondary_node_port_eng_data
RS01SUM1,LV01B,05-IP1,secondary_node_port_eng_data
RS01SUM1,MJ01B,05-IP1,secondary_node_port_eng_data
RS01SUM1,MJ01B,06-IP2,secondary_node_port_eng_data
RS01SUM1,MJ01B,12-IP8,secondary_node_port_eng_data
RS01SUM2,MJ01B,05-IP1,secondary_node_port_eng_data
RS01SUM2,MJ01B,06-IP2,secondary_node_port_eng_data
RS01SUM2,MJ01B,12-IP8,secondary_node_port_eng_data
RS03ASHS,MJ03B,05-IP1,secondary_node_port_eng_data
RS03ASHS,MJ03B,06-IP2,secondary_node_port_eng_data
RS03ASHS,MJ03B,07-IP3,secondary_node_port_eng_data
RS03AXBS,LJ03A,05-IP1,secondary_node_port_eng_data
RS03AXBS,LJ03A,08-IP4,secondary_node_port_eng_data
RS03AXBS,LJ03A,09-IP5,secondary_node_port_eng_data
RS03AXBS,LJ03A,10-IP6,secondary_node_port_eng_data
RS03AXBS,LJ03A,11-IP7,secondary_node_port_eng_data
RS03AXBS,LJ03A,12-IP8,secondary_node_port_eng_data
RS03AXBS,MJ03A,05-IP1,secondary_node_port_eng_data
RS03AXBS,MJ03A,06-IP2,secondary_node_port_eng_data
RS03AXBS,MJ03A,12-IP8,secondary_node_port_eng_data
RS03AXPS,LV03A,02-EP1,secondary_node_port_eng_data
RS03AXPS,LV03A,05-IP1,secondary_node_port_eng_data
RS03AXPS,PC03A,02-EP1,secondary_node_port_eng_data
RS03AXPS,PC03A,04A-IP1,secondary_node_port_eng_data
RS03AXPS,PC03A,04B-IP2,secondary_node_port_eng_data
RS03AXPS,PC03A,04C-IP3,secondary_node_port_eng_data
RS03AXPS,PC03A,05-IP9,secondary_node_port_eng_data
RS03AXPS,PC03A,06-IP10,secondary_node_port_eng_data
RS03AXPS,PC03A,06-IP11,secondary_node_port_eng_data
RS03AXPS,PC03A,07-IP12,secondary_node_port_eng_data
RS03AXPS,PC03A,08-IP8,secondary_node_port_eng_data
RS03AXPS,SF03A,02A-IP1,secondary_node_port_eng_data
RS03AXPS,SF03A,02D-IP3,secondary_node_port_eng_data
RS03AXPS,SF03A,03A-IP7,secondary_node_port_eng_data
RS03AXPS,SF03A,03B-IP8,secondary_node_port_eng_data
RS03AXPS,SF03A,03C-IP9,secondary_node_port_eng_data
RS03AXPS,SF03A,03-IP10,secondary_node_port_eng_data
RS03AXPS,SF03A,04A-IP12,secondary_node_port_eng_data
RS03AXPS,SF03A,04B-IP13,secondary_node_port_eng_data
RS03AXPS,SF03A,04F-IP15,secondary_node_port_eng_data
RS03CCAL,MJ03F,05-IP1,secondary_node_port_eng_data
RS03CCAL,MJ03F,06-IP2,secondary_node_port_eng_data
RS03ECAL,MJ03E,05-IP1,secondary_node_port_eng_data
RS03ECAL,MJ03E,06-IP2,secondary_node_port_eng_data
RS03ECAL,MJ03E,08-IP4,secondary_node_port_eng_data
RS03ECAL,MJ03E,09-IP5,secondary_node_port_eng_data
RS03ECAL,MJ03E,12-IP8,secondary_node_port_eng_data
RS03INT1,MJ03C,05-IP1,secondary_node_port_eng_data
RS03INT1,MJ03C,06-IP2,secondary_node_port_eng_data
RS03INT1,MJ03C,07-IP3,secondary_node_port_eng_data
RS03INT1,MJ03C,09-IP5,secondary_node_port_eng_data
RS03INT1,MJ03C,10-IP6,secondary_node_port_eng_data
RS03INT2,MJ03D,05-IP1,secondary_node_port_eng_data
RS03INT2,MJ03D,06-IP2,secondary_node_port_eng_data
RS03INT2,MJ03D,12-IP8,secondary_node_port_eng_data
